1;Adjuster 150 mm;1;1;1;0;;0
2;Adjuster 110 mm;1;1;1;0;;0
3;Adjuster 20 mm;1;1;1;0;;0
4;Adjuster 25 mm;1;1;1;0;;0
5;Adjuster 50 mm;1;1;1;0;;0
6;Adjuster MRK 18 MM (R) MITRA;1;1;1;0;;0
7;Adjuster MRK 18 MM (L) MITRA;1;1;1;0;;0
8;Aluminium LVR UK. 3000mm;1;1;2;0;;0
9;Aluminium LVR UK. 395mm;1;1;2;0;;0
10;Ampelas Kayu P 150 Uk.100 x 50 mtr;1;1;3;0;;0
11;Ampelas Mesin  180 x 96 x 2970 mm;1;1;3;0;;0
12;Ampelas Mesin A 100 x 1280 x 1900 mm;1;1;4;0;;0
13;Ampelas Mesin A 150 x 100 x 2545 mm;1;1;4;0;;0
14;Ampelas Mesin A 150 x 150 x 5000 mm;1;1;4;0;;0
15;Ampelas Mesin A 180 x 1245 x 1900 mm;1;1;4;0;;0
16;Ampelas Mesin A 180 x 160 x 4960 mm;1;1;3;0;;0
17;Angel Bed;1;1;5;0;;0
18;Angle Bed Cakram;1;1;1;0;;0
19;Angle Bed Fitting ;1;1;1;0;;0
20;Angled Dowel 90 - 80 Titusindo (DU L);1;1;1;0;;0
21;Bar;1;1;1;0;;0
22;Bar Wingstone;1;1;1;0;;0
23;Barcode 11230 DC / WH;1;1;1;0;;0
24;Barcode 11230 RD / WH;1;1;1;0;;0
25;Barcode 11230 WH;1;1;1;0;;0
26;Barcode 11237 AC;1;1;1;0;;0
27;Barcode 11237 BR;1;1;1;0;;0
28;Barcode 11240 BL / WH;1;1;1;0;;0
29;Barcode 11240 DBR;1;1;1;0;;0
30;Barcode 11240 GR / WH;1;1;1;0;;0
31;Barcode 11240 LTB / WH;1;1;1;0;;0
32;Barcode 11240 PK / WH;1;1;1;0;;0
33;Barcode 11240 RD / WH;1;1;1;0;;0
34;Barcode 11240 WH;1;1;1;0;;0
35;Barcode 11241 BL / WH;1;1;1;0;;0
36;Barcode 11241 GR / WH;1;1;1;0;;0
37;Barcode 11241 LTB / WH;1;1;1;0;;0
38;Barcode 11241 RD / WH;1;1;1;0;;0
39;Barcode 11241 WH ;1;1;1;0;;0
40;Barcode 11241 YL / WH;1;1;1;0;;0
41;Barcode 11242 GR / WH;1;1;1;0;;0
42;Barcode 11242 LTB / WH;1;1;1;0;;0
43;Barcode 11242 WH;1;1;1;0;;0
44;Barcode 13226 DBR;1;1;1;0;;0
45;Barcode 13226 GR/ WH;1;1;1;0;;0
46;Barcode 13226 RD / WH;1;1;1;0;;0
47;Barcode 13226 SO;1;1;1;0;;0
48;Barcode 13226 WH;1;1;1;0;;0
49;Barcode 13227 DBR;1;1;1;0;;0
50;Barcode 13227 GR / WH;1;1;1;0;;0
51;Barcode 13227 RD / WH;1;1;1;0;;0
52;Barcode 13227 SO;1;1;1;0;;0
53;Barcode 13227 WH;1;1;1;0;;0
54;Barquide + Plat Holder;1;1;6;0;;0
55;Barquide Central Lock 600mm ;1;1;1;0;;0
56;Baut MKS (Fisik sama seperti Adjuster 25mm);1;1;1;0;;0
57;Baut M6 x 30 mm;1;1;1;0;;0
58;Baut Nanas gold 6 x 20 mm Gold;1;1;1;0;;0
59;Baut Nanas Gold Besar (5/16 x 18);1;1;1;0;;0
60;Besi behel 12 mm x 12 mtr;1;1;2;0;;0
61;Besi behel 15 mm x 12 mtr;1;1;2;0;;0
62;Boss Pen Engsel Sumbat;1;1;1;0;;0
63;BP. 16;1;1;1;0;;0
64;BPS. 1723;1;1;1;0;;0
65;Bracket L ( EX MITRA);1;1;1;0;;0
66;Bracket LV - 3718;1;1;1;0;;0
67;Bracket Z  S - 38;1;1;1;0;;0
68;Braket Besi U/ Ks L;1;1;1;0;;0
69;Braket Besi U/ Ks R;1;1;1;0;;0
70;Braket Gantungan Bulat Chrome;1;1;1;0;;0
71;Braket Plat Besi BPT - 2340 Zinc;1;1;1;0;;0
72;Buble Wrap 1200 mm;1;1;7;0;;0
73;Busa 20 mm/Busa Abu 2C;1;1;1;0;;0
74;Cable ties 10cm;1;1;1;0;;0
75;Cam 3000 System 5 Klik Dia 15 x 9.6 ( Casing );1;1;1;0;;0
76;Cam 3000, 15 x 15/16 bd/pz ( 15 MM );1;1;1;0;;0
77;Cam Six D02/Minifix Coklat Plastik + Elite;1;1;6;0;;0
78;Cam Six D02/Minifix Coklat Muda Plastik + Elite;1;1;6;0;;0
79;Cat Abu Romatex @ 20 Kg;1;1;8;0;;0
80;Cat Abu Romatex @ 5 Kg;1;1;9;0;;0
81;Cat Cream Mowilek @ 5 Ltr;1;1;9;0;;0
82;Cat Coates White 6 - S/81;1;1;9;0;;0
83;Cat EPI 862 (Super White);1;1;9;0;;0
84;Cat EPI 891 Black;1;1;9;0;;0
85;Cat Hitam Romatex @5 Kg;1;1;8;0;;0
86;Cat Jotun Putih @5 Kg;1;1;9;0;;0
87;Cat Monitex Hijau;1;1;9;0;;0
88;Cat Mowilek Almound Tea @2.5 Ltr;1;1;9;0;;0
89;Cat Panda Cream @ 25 Kg;1;1;8;0;;0
90;Cat Putih Romatex @ 25 Kg;1;1;8;0;;0
91;Cat Safron Mowilek @ 2.5 Ltr;1;1;9;0;;0
92;Cat Silver 558 Romatex @25KG;1;1;8;0;;0
93;Catches;1;1;5;0;;0
94;Catches (Tanpa Pasangan);1;1;1;0;;0
95;Cetakan Sablon ;1;1;1;0;;0
96;Tutup Catches/Gepengan;1;1;1;0;;0
97;Connecting King Koil;1;1;6;0;;0
98;Cross Dowel 9,5 x 12 mm Putih;1;1;1;0;;0
99;Cross Dowel 10 x M6 x 14 (Plasindo);1;1;1;0;;0
100;Cup Hitam 10 mm;1;1;1;0;;0
101;Dop Plastik R.25 mm Hitam;1;1;1;0;;0
102;Dop U Hitam;1;1;1;0;;0
103;Double Tape uk. 12,5mm;1;1;3;0;;0
104;Double Tape uk. 25mm;1;1;3;0;;0
105;Dowel Kayu 10 x 32 mm;1;1;1;0;;0
106;Dowel Kayu 10 x 50 mm;1;1;1;0;;0
107;Dowel Kayu 6 x 30 mm;1;1;1;0;;0
108;Dowel Kayu 6 x 50 mm;1;1;1;0;;0
109;Dowel Kayu 8 x 32 mm;1;1;1;0;;0
110;Dowel Kayu 8 x 32 mm Drat;1;1;1;0;;0
111;Dowel Kayu 8 x 50 mm;1;1;1;0;;0
112;Dowel Plastik 6 x 30 mm;1;1;1;0;;0
113;Dowel Plastik 8 x 32 mm;1;1;1;0;;0
114;DU 24 - M5;1;1;1;0;;0
115;DU Join Bolt 631 Zinc;1;1;6;0;;0
116;DU Join MC 515 Zinc;1;1;6;0;;0
117;DU Join Bolt 631 Zinc + DU Join MC 515 ZINC (EX MITRA);1;1;6;0;;0
118;DU KSF 5533.9;1;1;1;0;;0
119;DU SF 6536.11;1;1;1;0;;0
120;Dudukan Kursi Sandaran;1;1;1;0;;0
121;Dudukan Pole Hitam ;1;1;1;0;;0
122;Dudukan Pole Putih;1;1;1;0;;0
123;Elite Direct 6249 Zinc;1;1;1;0;;0
124;Elite Direct DU.624.11 Putih;1;1;1;0;;0
125;Elite Direct DU.624.11 Gold;1;1;1;0;;0
126;Engsel AP. 0. 35 mm;1;1;1;0;;0
127;Engsel AP. 16. 35 mm;1;1;1;0;;0
128;Engsel AP. 8. 35 mm;1;1;1;0;;0
129;Engsel ELCO 1/2 Bengkok Besar;1;1;1;0;;0
130;Engsel Ferrari Lurus;1;1;1;0;;0
131;Engsel Ferrari 1/2 Bengkok;1;1;1;0;;0
132;Engsel Ferrari 262 (Full Bengkok);1;1;1;0;;0
133;Engsel GH.16 + Tutup Silver (Huben);1;1;6;0;;0
134;Engsel GH 16 Kaca Fittech Full BKK + Tutup Silver;1;1;1;0;;0
135;Engsel HA. 0 Lurus;1;1;1;0;;0
136;Engsel HA. 16;1;1;1;0;;0
137;Engsel HB.0. 35 mm;1;1;1;0;;0
138;Engsel HB.16. 35 mm;1;1;1;0;;0
139;Engsel HB.8. 35 mm;1;1;1;0;;0
140;Engsel Kaca EK 16 ELCO full bengkok;1;1;6;0;;0
141;Engsel Kaca Full BKK Harfit (Tutup Silver);1;1;6;0;;0
142;Engsel Kaca Full BKK Harfit (Tanpa Tutup);1;1;1;0;;0
143;Engsel Kaca T.86;1;1;6;0;;0
144;Engsel Kaca T.86 Besi;1;1;6;0;;0
145;Engsel Kaca T.86 Plastik Polymindo;1;1;6;0;;0
146;Engsel MH.0.LD 26 mm / Engsel LM 0 LD 26 mm (Lenaga);1;1;1;0;;0
147;Engsel MH.16.LD 26 mm;1;1;1;0;;0
148;Engsel MH.8.LD 26 mm;1;1;1;0;;0
149;Engsel MN.0.26 mm;1;1;1;0;;0
150;Engsel SQL-MN 16/ MN. 16. 26mm;1;1;1;0;;0
151;Engsel MN.8.26 mm;1;1;1;0;;0
152;Engsel SO.2600 26 mm;1;1;1;0;;0
153;Engsel SO.2608 26 mm;1;1;1;0;;0
154;Engsel Fitteck Full Bengkok;1;1;1;0;;0
155;Fischer 10mm (Sample Plasindo);1;1;1;0;;0
156;Fischer 10 x 11 mm;1;1;1;0;;0
157;Fischer 5 x 10 mm;1;1;1;0;;0
158;Fischer 5 x 8 mm;1;1;1;0;;0
159;Fischer M5 x 10 x 10 mm;1;1;1;0;;0
160;Fischer S.6;1;1;1;0;;0
161;Fischer S.8;1;1;1;0;;0
162;Foam Sheet uk. 3mm x 120 x 150 mtr;1;1;10;0;;0
163;Frame Aluminium FA.21;1;1;2;0;;0
164;Gantungan Floating;1;1;1;0;;0
165;Gantungan Pigura;1;1;1;0;;0
166;Gantungan Plat Hollow;1;1;1;0;;0
167;Gantungan Plat Hollow (Uk Lebih Besar);1;1;1;0;;0
168;GD. Push Double;1;1;5;0;;0
169;GD. Push Double Besi Hitam;1;1;5;0;;0
170;GD. Push Double Besi Putih;1;1;1;0;;0
171;GD. Push Single;1;1;1;0;;0
172;GD. Push Single Besi Hitam;1;1;1;0;;0
173;GD. Push Single Besi Putih Ex Sukses Furnipart;1;1;1;0;;0
174;Glass Door Stoper Double/Catches Kaca Double;1;1;6;0;;0
175;Glass Door Stoper Single;1;1;6;0;;0
176;GP. 27;1;1;1;0;;0
177;Gromet Hitam;1;1;1;0;;0
178;Hambalan AJ. 9;1;1;1;0;;0
179;Hambalan EH. 26/RH 13;1;1;1;0;;0
180;Handle AL.132 Silver;1;1;1;0;;0
181;Handle AL.164 Putih;1;1;1;0;;0
182;Handle AL.164 Silver;1;1;1;0;;0
183;Handle ALUM PROFIL LP 375 ANO Uk. 676mm;1;1;1;0;;0
184;Handle Antik Gantung;1;1;1;0;;0
185;Handle Bambu Silver 200 mm;1;1;1;0;;0
186;Handle Bola bening;1;1;1;0;;0
187;Handle Bola Putih;1;1;1;0;;0
188;Handle Bola Silver/Bulat Silver;1;1;1;0;;0
189;Handle HO 103.C Coklat;1;1;1;0;;0
190;Handle HO 103.C Hitam;1;1;1;0;;0
191;Handle Klasik Solo;1;1;1;0;;0
192;Handle Knob C.340.L;1;1;1;0;;0
193;Handle Knob C.340.L (Tanpa Sekrup);1;1;1;0;;0
194;Handle Kotak Antik Red ;1;1;1;0;;0
195;Handle Kotak BJ - 049 Nikel/Kotak Antik Silver;1;1;1;0;;0
196;Handle Kotak Coklat 115 mm;1;1;1;0;;0
197;Handle Kotak Coklat 115 mm (Tanpa Sekrup);1;1;1;0;;0
198;Handle Kotak Coklat 75 mm (Tanpa Sekrup);1;1;1;0;;0
199;Handle Kotak Hitam 75 mm;1;1;1;0;;0
200;Handle Kotak Pink 75 mm;1;1;1;0;;0
201;Handle Kotak Pink 75 mm (Tanpa Sekrup);1;1;1;0;;0
202;Handle Kotak Putih 115 mm (Tanpa Sekrup);1;1;1;0;;0
203;Handle Kotak Putih 75 mm;1;1;1;0;;0
204;Handle Kotak Silver 115 mm;1;1;1;0;;0
205;Handle Kotak Silver 75 mm;1;1;1;0;;0
206;Handle Kotak Silver 75 mm (Tanpa Sekrup);1;1;1;0;;0
207;Handle Lidah Chrome;1;1;1;0;;0
208;Handle LP 375 Anodized;1;1;2;0;;0
209;Handle MDF 18 x 38 x 116 mm Premiere;1;1;1;0;;0
210;Handle MDF 18 x 38 x 296 mm Premiere;1;1;1;0;;0
211;Handle MDF 18 x 38 x 396 mm Premiere;1;1;1;0;;0
212;Handle MDF 18 x 723 mm;1;1;1;0;;0
213;Handle MDF 9 x 40 x 165 mm;1;1;1;0;;0
214;Handle MDF 9 x 60 x 396 mm;1;1;1;0;;0
215;Handle Minimalis 128 mm;1;1;1;0;;0
216;Handle Minimalis 160 mm;1;1;1;0;;0
217;Handle Minimalis 192 mm;1;1;1;0;;0
218;Handle PK 96mm;1;1;1;0;;0
219;Handle PK 160 Silver;1;1;1;0;;0
220;Handle Poky Almound;1;1;1;0;;0
221;Handle Poky Hitam;1;1;1;0;;0
222;Handle Square Hitam 50mm;1;1;1;0;;0
223;Handle Square Pink 50mm;1;1;1;0;;0
224;Handle Square Pink 50mm + Skrup 6 x 13 JT;1;1;1;0;;0
225;Handle Square Silver 50mm;1;1;1;0;;0
226;Handle T. 5072;1;1;1;0;;0
227;Handle TA 30.320 mm + Sekrup M4 x 25 Halus;1;1;1;0;;0
228;Handle TA 30.320 mm (Tanpa Sekrup);1;1;1;0;;0
229;Handle TA 30.320 mm + Sekrup M4 x 25 Halus + Psng Kayu;1;1;1;0;;0
230;Handle TA 41.128 CA + Sekrup 4 x 6 + Ring;1;1;1;0;;0
231;Handle TA 41.128 CA + sekrup 4 x 15 Tanpa Ring;1;1;1;0;;0
232;Handle TA 41.128 CA (Tanpa Sekrup dan Ring);1;1;1;0;;0
233;Handle TA 49.128 + Sekrup M4 x 20 Halus;1;1;1;0;;0
234;Handle TA 49.160 + Sekrup M4 x 25 Halus;1;1;1;0;;0
235;Handle TA 49.192 + Sekrup M4 x 25 Halus;1;1;1;0;;0
236;Handle TA 49.320 (Tanpa Skrup) K. Besar;1;1;1;0;;0
237;Handle TA 49.320 + Sekrup M4 x 25 Halus K. Kecil;1;1;1;0;;0
238;Handle TA 49.320 (Tanpa Sekrup) K. Kecil;1;1;1;0;;0
239;Handle Tanam Oval 96 Dark Brown;1;1;1;0;;0
240;Handle Tanam Oval 96 Hitam;1;1;1;0;;0
241;Handle Tanam Oval 96 Silver;1;1;1;0;;0
242;Handle TPA 20.128;1;1;1;0;;0
243;Handle TPA 20.192 + Sekrup M4 x 25 Halus;1;1;1;0;;0
244;Handle TPA 20.192 (Tanpa Sekrup);1;1;1;0;;0
245;Handle TPA 20.96 + Sekrup M4 x 25 Halus;1;1;1;0;;0
246;Handle TPA 20.96 (Tanpa Sekrup);1;1;1;0;;0
247;Handle TPS 10 uk. 128.96 + Sekrup M4 x 25 Halus;1;1;1;0;;0
248;Honey Comb 30 mm x 1200 mm x 1000 mm;1;1;7;0;;0
249;Honey Comb Height 123 mm x 5500 mm;1;1;3;0;;0
250;Honey Comb Height 173 mm x 5500 mm;1;1;3;0;;0
251;Honey Comb Height 183 mm x 5500 mm ;1;1;3;0;;0
252;Honey Comb Height 243 mm x 5500 mm;1;1;3;0;;0
253;Honey Comb Height 253 mm x 5500 mm;1;1;3;0;;0
254;Honey Comb Height 343 mm x 5500 mm;1;1;3;0;;0
255;Honey Comb Height 353 mm x 5500 mm;1;1;3;0;;0
256;Honey Comb Height 443 mm x 5500 mm;1;1;3;0;;0
257;Honey Comb Height 553 mm x 5500 mm;1;1;3;0;;0
258;Housing 15. 18/19 (Minifix L);1;1;1;0;;0
259;Inner Box 130 x 90 x 60 mm;1;1;1;0;;0
260;Inner Box 300 x 80 x 45 mm;1;1;1;0;;0
261;Inner Box 405 x 90 x 60 mm;1;1;1;0;;0
262;Inner box uk. 105 x 60 x 45;1;1;1;0;;0
263;Inner box uk. 75 x 70 x 25 mm;1;1;1;0;;0
264;Inner box uk. 80 x 50 x 35 mm;1;1;1;0;;0
265;Iron Screw 701 / 702 + Ring;1;1;1;0;;0
266;Isi Staples F.10 MEPLA Hijau;1;1;11;0;;0
267;Isi Staples F.12 MEPLA Hijau;1;1;11;0;;0
268;Isi Staples F.15 MEPLA Hijau;1;1;11;0;;0
269;Isi Staples F.20 MEPLA Hijau;1;1;11;0;;0
270;Isi Staples F.25 MEPLA Hijau;1;1;11;0;;0
271;Isi Staples F.30 MEPLA Hijau;1;1;11;0;;0
272;Isi Staples V 10 mm ( ALFAMACHINE );1;1;11;0;;0
273;Isi Staples V 10 mm ( MANUAL );1;1;11;0;;0
274;Isi Staples V 15 mm ( ALFAMACHINE );1;1;11;0;;0
275;Isi Staples V 15 mm ( MANUAL );1;1;11;0;;0
276;Isi Staples V 15 mm AMP;1;1;11;0;;0
277;Isi Steples 1008J;1;1;11;0;;0
278;Isi Steples 408J;1;1;11;0;;0
279;Isi Steples 6/10;1;1;11;0;;0
280;Isi Steples 6/12;1;1;11;0;;0
281;Isi Steples 6/20 (I 20);1;1;11;0;;0
282;JCBC uk. 60 x 40 mm hitam;1;1;1;0;;0
283;Jepitan Kaca Abu - Abu Silver;1;1;1;0;;0
284;Jepitan Kaca Beech 5 mm;1;1;1;0;;0
285;Jepitan Kaca Hitam 3 mm;1;1;1;0;;0
286;Jepitan Kaca Micky Mouse;1;1;1;0;;0
287;"Kabel ""Edenia"" TR 2 x 23";1;1;10;0;;0
288;Kabel 303 Tanpa ON OFF;1;1;1;0;;0
289;Kain Hambalan Abu;1;1;1;0;;0
290;Kain POLO ABU 104;1;1;10;0;;0
291;Kain POLO HITAM 109;1;1;10;0;;0
292;Kaki Besi Behel 370 mm;1;1;6;0;;0
293;Kaki Besi Behel 370 mm + Plat strip Hitam;1;1;6;0;;0
294;Kaki Besi Behel 710 mm Hitam;1;1;6;0;;0
295;Kaki Besi Behel 720 mm (Blm Di Cat);1;1;1;0;;0
296;Kaki Besi Kotak 3 x 6 (Uk. 700 x 600 Cat Silver);1;1;1;0;;0
297;Kaki Besi Kotak 3 x 6 (Uk. 700 x 500 Cat Silver);1;1;1;0;;0
298;Kaki Finger Join;1;1;1;0;;0
299;Kaki KP 100;1;1;1;0;;0
300;Kaki KP 38 mm;1;1;1;0;;0
301;Kaki Kursi Segitiga 380 mm;1;1;1;0;;0
302;Kaki Meja Makan Black Gloss Uk. 675mm;1;1;1;0;;0
303;Kaki Meja Makan Black Gloss Uk. 685mm;1;1;1;0;;0
304;Kaki Profil (R);1;1;1;0;;0
305;Kaki Profil (L);1;1;1;0;;0
306;Kaki Profil (R) COAK;1;1;1;0;;0
307;Kaki Profil (L) COAK;1;1;1;0;;0
308;Kaki Profil 15 mm (R);1;1;1;0;;0
309;Kaki Profil 15 mm (L);1;1;1;0;;0
310;Kaki Profil MITRA R;1;1;1;0;;0
311;Kaki Profil MITRA L;1;1;1;0;;0
312;Kaki Sofa Graver 150 mm;1;1;1;0;;0
313;Kaki Sofa Graver 172 mm Hitam;1;1;1;0;;0
314;Kaki Sofa Graver 172 mm Putih;1;1;1;0;;0
315;Kaki Sofa Graver 172 mm (BOR + PVC CO. WALNUT);1;1;1;0;;0
316;Kaki swaging uk. 48,5 x 1,2 x 599 mm;1;1;1;0;;0
317;Kaki swaging uk. 48,5 x 1,2 x 599 mm Tanpa Adjuster;1;1;1;0;;0
318;Kaki swaging uk. 48,5 x 1,2 x 700 mm;1;1;1;0;;0
319;Karet Tutup Dop;1;1;7;0;;0
320;Kayu Gantungan 22 x 500 mm;1;1;2;0;;0
321;Kayu Gantungan 24 x 800 mm;1;1;2;0;;0
322;Kayu KS Pendek;1;1;2;0;;0
323;Kerang Hias;1;1;6;0;;0
324;Kunci 138-22 mm EKN;1;1;1;0;;0
325;Kunci Centra lock HL 288-600 mm;1;1;1;0;;0
326;Kunci Centra lock merk CYBER LOCK;1;1;6;0;;0
327;Kunci Centra lock WINSTONE ;1;1;1;0;;0
328;Kunci EL 101-16 mm;1;1;1;0;;0
329;Kunci EL 101-16 mm Tanpa Ring;1;1;1;0;;0
330;Kunci HL 181 - 22 mm;1;1;1;0;;0
331;Kunci HM 181 - M2;1;1;1;0;;0
332;Kunci Jepit DIGAO Double;1;1;1;0;;0
333;Kunci Jepit DIGAO Single;1;1;1;0;;0
334;Kunci Kaca Jepit Plastik Tomi;1;1;1;0;;0
335;Kunci L 4 mm;1;1;1;0;;0
336;Kunci Mekar HL 505-M2 ( HUBEN );1;1;1;0;;0
337;Kunci Mortise EL 202-22 mm;1;1;1;0;;0
338;Kuping Variasi Gold;1;1;6;0;;0
339;Kursi Sandaran 400 mm (Cat Hitam);1;1;6;0;;0
340;"Lakban ""Sumo"" Coklat 45 mm x 68 Mtr";1;1;3;0;;0
341;Lakban Bening 45 mm x 40 Mtr Nanko;1;1;3;0;;0
342;Lakban Bening Besar GOLDEN TAPE;1;1;3;0;;0
343;Lakban Bening Kecil 24 mm Nanko Tape;1;1;3;0;;0
344;Lakban Kandy Bening;1;1;3;0;;0
345;Lakban Coklat Kingstone uk. 45 mm x 60 mtr;1;1;3;0;;0
346;Lakban Kain Coklat 24 mm x 13 m ( Cloth Tape );1;1;3;0;;0
347;Lakban Kain Hitam 24 mm x 13 m ( Cloth Tape );1;1;3;0;;0
348;Lakban Kain Putih 24 mm ( Cloth Tape );1;1;3;0;;0
349;Lakban Kertas 24 mm x 25 Mtr ( Masking Tape );1;1;3;0;;0
350;Lampu Emergency;1;1;1;0;;0
351;Lampu Halogen 50 Watt;1;1;1;0;;0
352;Lampu Intech LED 3W Putih;1;1;1;0;;0
353;Lampu LED Stript Light 2835 SMD EMICO 5 mtr;1;1;10;0;;0
354;Leg O 500;1;1;1;0;;0
355;Leg O 600;1;1;1;0;;0
356;Leg X 600;1;1;1;0;;0
357;Lem Duditerm 553.1/15 @ 25 kg ( Lem Edging );1;1;12;0;;0
358;Lem Duditerm 553/15 @ 25 kg ( Lem Edging ) untuk ABS;1;1;12;0;;0
359;Lem EPOTEC ( Lem Stiker );1;1;1;0;;0
360;Lem Fox Super Spray ( Lem Kaca ) @14 Kg;1;1;13;0;;0
361;Lem Fox Spray Glue 23 @MITRA;1;1;13;0;;0
362;Lem Henkel KS 224/2 KR @ 25 Kg ( Lem Edging );1;1;12;0;;0
363;Lem Inmelt 489 BR ( Lem Edging ) ke lem duditerm 715.1/15;1;1;12;0;;0
364;Lem Inseal Fox 106 @ 14 Kg;1;1;13;0;;0
365;Lem Power Glue ;1;1;14;0;;0
366;Lem Techbond HM 1315.9 ( mesin edg. Kecil );1;1;1;0;;0
367;Lis Adjuster Ex Sucitra Uk. 700mm;1;1;2;0;;0
368;Lis Adjuster 15mm Ex Mitra Uk. 1.2 Mtr;1;1;2;0;;0
369;Lis Adjuster 15mm Ex Mitra Uk. 1.5 Mtr;1;1;2;0;;0
370;Lis Alumunium (F) Uk. 3000 mm;1;1;2;0;;0
371;Lis E 25 mm Abu uk. 2050 mm;1;1;2;0;;0
372;Lis E 25 mm Coklat uk. 2400 mm;1;1;2;0;;0
373;Lis E 25 mm Hitam 3000 mm;1;1;2;0;;0
374;Lis F Hitam Silver Uk. 1800 mm;1;1;2;0;;0
375;Lis F Hitam Silver Uk. 1820 mm (Fisik 1815 mm);1;1;2;0;;0
376;Lis H. Bening 2040 mm ;1;1;2;0;;0
377;Lis H. Bening 3600 mm ;1;1;2;0;;0
378;Lis H. Bening 3650 mm;1;1;2;0;;0
379;Lis H. Bening 3650 mm (Kuning);1;1;2;0;;0
380;Lis H. Bening 3750 mm;1;1;2;0;;0
381;Lis H. Bening 4000 mm ;1;1;2;0;;0
382;Lis Hitam U/A 2300 mm;1;1;2;0;;0
383;Lis Hitam U/A 2650 mm;1;1;2;0;;0
384;Lis Hitam V/B 2300 mm;1;1;2;0;;0
385;Lis Hitam V/B 2650 mm;1;1;2;0;;0
386;Lis Profil 15 mm uk. 700 mm;1;1;2;0;;0
387;Lis Putih U/A 2300 mm Plastik;1;1;2;0;;0
388;Lis Coklat U/A 2850 mm;1;1;2;0;;0
389;Lis Coklat U/B 2850 mm;1;1;2;0;;0
390;Lis Coklat V/B 2650 mm;1;1;2;0;;0
391;Lis Coklat U/A 2400 mm;1;1;2;0;;0
392;Lis Coklat V/B 2400 mm;1;1;2;0;;0
393;Lis Coklat U/A 2300 mm;1;1;2;0;;0
394;Lis Coklat V/B 2050 mm;1;1;2;0;;0
395;Lis U Hitam Uk. 2400 mm;1;1;2;0;;0
396;Lis V Hitam Uk. 2400 mm;1;1;2;0;;0
397;Lis Siku Bening 3300 mm uk. Jadi 1594 mm;1;1;2;0;;0
398;Lis Siku Bening 2000 mm;1;1;2;0;;0
399;Lis Siku Bening 2000 mm CUSTOME HOTEL SANTIKA;1;1;2;0;;0
400;Lis Siku Bening 1706 mm;1;1;2;0;;0
401;Lis Ranjang C Hitam Uk. 1.96 Mtr;1;1;2;0;;0
402;Lis Ranjang C Hitam Uk. 2.16 Mtr;1;1;2;0;;0
403;Lis T 6mm K3 Coklat Doff Silver 2330 mm;1;1;2;0;;0
404;Lis W Uk. 1220 mm;1;1;2;0;;0
405;Lis W Hitam Uk. 1430 mm;1;1;2;0;;0
406;Lis W Hitam Uk. 1960 mm;1;1;2;0;;0
407;Lubang Hawa Coklat ;1;1;1;0;;0
408;Lubang Hawa Putih;1;1;1;0;;0
409;Magnet MC 01/2 Coklat;1;1;1;0;;0
410;Magnet Double HE 318;1;1;1;0;;0
411;Magnet Double MD 32;1;1;1;0;;0
412;Magnet Double MD 32 Sf;1;1;1;0;;0
413;Magnet Single Sukses Furnipart;1;1;1;0;;0
414;Magnet Single MS 31;1;1;1;0;;0
415;Mata Ikan;1;1;1;0;;0
416;Minific XP - 9506 ( DU. L );1;1;1;0;;0
417;Minifix 12/10 ( Kepala + Besar );1;1;1;0;;0
418;Minifix MF 105 G;1;1;1;0;;0
419;Minifix MF 15 - M5/Minifix 15mm Huben;1;1;1;0;;0
420;Minifix MF 15 G;1;1;1;0;;0
421;Mur cakar 5/16;1;1;1;0;;0
422;Mur Cakar 6mm;1;1;1;0;;0
423;Mur Kotak;1;1;1;0;;0
424;Mur nanas uk. 5/16 x 18 mm gold;1;1;1;0;;0
425;Mur Topi M6 x 12 Gold;1;1;1;0;;0
426;Paku 40 mm (1 dus @ 30 Kg);1;1;15;0;;0
427;Paku 50 mm (1 Dus = 30 Kg);1;1;15;0;;0
428;Paku Beton 50 mm;1;1;1;0;;0
429;Paku Beton 75 mm;1;1;1;0;;0
430;Paku Coil 38;1;1;3;0;;0
431;Paku Glides Putih;1;1;1;0;;0
432;Paku TB 19 mm (1 Dus = 30 Kg);1;1;1;0;;0
433;Parallel Combi Dowel 24 x 8.5 Euro, Zinc ( DU );1;1;1;0;;0
434;Parallel Neck Dowel 24 x 8.5  Euro, Zinc ( DU );1;1;1;0;;0
435;Pen Engsel Sumbat;1;1;1;0;;0
436;Penduplo 5 mm;1;1;1;0;;0
437;Penduplo 6 mm X 21 mm;1;1;1;0;;0
438;Pengaman Sudut Bening;1;1;1;0;;0
439;Penrak Plastik Hitam 5mm;1;1;1;0;;0
440;Pin Variasi Kotak Silver;1;1;1;0;;0
441;Pipa Aluminium 2003 CK Uk. 2400 mm ;1;1;2;0;;0
442;Pipa Aluminium 2003 CK Uk. 3000 mm;1;1;2;0;;0
443;Pipa Aluminium 2003 CK Uk. 3160 mm ;1;1;2;0;;0
444;Pipa Aluminium 2003 CK Uk. 3400 mm ;1;1;2;0;;0
445;Pipa Aluminium 2011 Uk. 2830 mm;1;1;2;0;;0
446;Pipa Aluminium 2011 Uk. 2920 mm;1;1;2;0;;0
447;Pipa Aluminium 8 x 1500mm;1;1;2;0;;0
448;Pipa Aluminium 8 x 29;1;1;2;0;;0
449;Pipa Hollow 14 x 14 x 6000 mm Hitam;1;1;2;0;;0
450;Pipa Hollow 15 x 15 x 740 mm;1;1;2;0;;0
451;Pipa Hollow 15 x 15 x 1000 mm;1;1;2;0;;0
452;Pipa Hollow 15 x 15 x 1065 mm;1;1;2;0;;0
453;Pipa Hollow 15 x 15 x 1140 mm;1;1;2;0;;0
454;Pipa Hollow 15 x 15 x 1396 mm (Cat Hitam);1;1;2;0;;0
455;Pipa Hollow 15 x 15 x 1396 mm (Blm Di Cat);1;1;2;0;;0
456;Pipa Hollow 15 x 15 x 1500 mm ;1;1;2;0;;0
457;Pipa Hollow 15 x 15 x 1654 mm ;1;1;2;0;;0
458;Pipa Hollow 15 x 15 x 1695 mm;1;1;2;0;;0
459;Pipa Hollow 15 x 15 x 1710 mm GALVANIS;1;1;2;0;;0
460;Pipa Hollow 15 x 15 x 1720 mm;1;1;2;0;;0
461;Pipa Hollow 15 x 15 x 1859 mm;1;1;2;0;;0
462;Pipa Hollow 15 x 15 x 560 mm;1;1;2;0;;0
463;Pipa Hollow 24 x 24 x 1045 mm;1;1;2;0;;0
464;Pipa Hollow 24 x 24 x 945 mm;1;1;2;0;;0
465;Pipa Hollow 24 x 24x 1286 mm;1;1;2;0;;0
466;Pipa Hollow 25 x 25 x 1245 mm;1;1;2;0;;0
467;Pipa Hollow 25 x 25 x 700 mm;1;1;2;0;;0
468;Pipa Hollow 25 x 25 x 728 mm;1;1;2;0;;0
469;Pipa Hollow 25 x 25 x 796 mm;1;1;2;0;;0
470;Pipa Hollow Hitam uk. 15 x 15 x 1146 mm;1;1;2;0;;0
471;Pipa Hollow uk. 15 x 15 x 1200 mm;1;1;2;0;;0
472;Pipa Oval Besi Crome 3000 mm;1;1;2;0;;0
473;Plastik 0.03 x 60 x 100 mm;1;1;7;0;;0
474;Plastik 0.03 x 70 x 120 mm;1;1;7;0;;0
475;Plastik 0.03 x 80 x 150 mm;1;1;7;0;;0
476;Plastik 0.04 x 100 x 200 mm;1;1;7;0;;0
477;Plastik 0.05 x 150 x 300 mm;1;1;7;0;;0
478;Plastik 0.05 x 200 x 400 mm;1;1;7;0;;0
479;Plastik 0.05 x 260 x 400 mm;1;1;15;0;;0
480;Plastik 0.5 x 18 x 300 mm;1;1;15;0;;0
481;Plastik HD Sheet 50 x 2000 mm;1;1;15;0;;0
482;Plastik Mesin 180 mm x 250 Mtr;1;1;3;0;;0
483;Plastik Mesin 260 mm x 250 Mtr;1;1;3;0;;0
484;Plastik Mesin Aksesoris 0.5 x 18 Cm;1;1;15;0;;0
485;Plastik Mika Transparant MC 3S 0,05 x 1370 mm;1;1;3;0;;0
486;Plat Almunium F Tebal Uk. 1814mm;1;1;2;0;;0
487;Plat Almunium F Uk. 2200mm;1;1;2;0;;0
488;Plat Almunium L Uk. 3 Mtr;1;1;2;0;;0
489;Plat Hollow Uk. 1000 mm;1;1;2;0;;0
490;Plat Hollow Uk. 1720 mm;1;1;2;0;;0
491;Plat Hollow uk. 24 x 797 mm;1;1;2;0;;0
492;Plat Mini LB.1;1;1;1;0;;0
493;Plat Siku Besi 130 x 130mm -SJ: SIKU BESI 13 x 13 (Silver);1;1;1;0;;0
494;Plat Siku Besi 130 x 130mm POLOS;1;1;1;0;;0
495;Plat Siku L;1;1;5;0;;0
496;Plat Siku L Besi PVC R/L;1;1;5;0;;0
497;Plat Siku L Besi PVC (L);1;1;1;0;;0
498;Plat Siku L Gold Dua Sisi (POLYMINDO);1;1;5;0;;0
499;Plat Siku segitiga;1;1;1;0;;0
500;Plat Strip uk. 26 x 40 mm;1;1;1;0;;0
501;Plat U 15 mm Plastik;1;1;1;0;;0
502;Plat/Bar Aluminium Uk. 390 (BOR);1;1;2;0;;0
503;Plat Aluminium/Bar Aluminium Uk. 430 mm;1;1;2;0;;0
504;Plat/Bar Aluminium Uk. 1210 mm;1;1;2;0;;0
505;Plat/klem Winstone;1;1;1;0;;0
506;Puff Coklat Bludru (Uk. 28 x 40.5) ;1;1;1;0;;0
507;Puff Oscar Coklat;1;1;1;0;;0
508;Puff Oscar Hitam uk. 318 x 240 mm ( Busa 4cm );1;1;1;0;;0
509;Puff Pink;1;1;1;0;;0
510;Puff Silver/ Abu - Abu;1;1;1;0;;0
511;Puff Tali Coklat Uk. 56.5 cm x 50 cm;1;1;1;0;;0
512;Puff Tali Coklat Uk. 43 cm x 43 cm;1;1;1;0;;0
513;Push Open Grey;1;1;1;0;;0
514;Push Pin Hitam;1;1;5;0;;0
515;Push Pin Hitam off ;1;1;1;0;;0
516;PVC Shrink;1;1;15;0;;0
517;Rak Sendok C.003 Grey;1;1;1;0;;0
518;Rak Sendok C.400 H Grey;1;1;1;0;;0
519;Rak Sendok C.400 H Putih;1;1;1;0;;0
520;Rak Sendok C.500 H Grey;1;1;1;0;;0
521;Rak Sendok C.500 H Putih;1;1;1;0;;0
522;Rak Sendok C.800 H Grey;1;1;1;0;;0
523;Rak Sendok uk. 333 x 318 x 49,5 mm/Rak Sendok Graver;1;1;1;0;;0
524;Rak Sepatu Graver Hitam Doff kulit jeruk;1;1;1;0;;0
525;Rak Sepatu Graver Putih Doff kulit jeruk;1;1;1;0;;0
526;Rak Sepatu Hitam;1;1;1;0;;0
527;Rak Sepatu Pink;1;1;1;0;;0
528;Rak Sepatu Silver;1;1;1;0;;0
529;Rangka Halogen Gold Bor 75;1;1;1;0;;0
530;Rangka Halogen Gold Bor U/Servisan;1;1;1;0;;0
531;Rangka Halogen Putih;1;1;1;0;;0
532;Rangka Halogen Silver;1;1;1;0;;0
533;Rel Aluminium SD. 02 Anodized 1320 mm U/A + V/B;1;1;6;0;;0
534;Rel Aluminium SD. 02 Anodized 2400 mm M/V  ;1;1;2;0;;0
535;Rel Aluminium SD. 02 Anodized 3000 mm U/A Silver;1;1;2;0;;0
536;Rel Aluminium SD. 02 Anodized 3000 mm V/B Silver;1;1;2;0;;0
537;Rel Aluminium SD. 02 Black 3000 mm U/A;1;1;2;0;;0
538;Rel Aluminium SD. 02 Black 3000 mm V/B;1;1;2;0;;0
539;Rel laci 168;1;1;1;0;;0
540;Rel Laci Besi 250 mm Adaar;1;1;6;0;;0
541;Rel Laci Besi 300 mm Adaar;1;1;6;0;;0
542;Rel Laci Besi 300 mm Coklat;1;1;6;0;;0
543;Rel Laci Besi 300 mm Cream;1;1;6;0;;0
544;Rel Laci Besi 300 mm Elco;1;1;6;0;;0
545;Rel Laci Besi 300 mm Erotek/Lenaga;1;1;6;0;;0
546;Rel Laci Besi 350 mm Elco;1;1;6;0;;0
547;Rel Laci Besi 350 mm Erotek/Lenaga;1;1;6;0;;0
548;Rel Laci Besi 400 mm Adaar/Lenaga;1;1;6;0;;0
549;Rel Laci Double Extention BM 45 Uk. 400 mm;1;1;6;0;;0
550;Rel Laci Double Slide FE.37 uk. 300 mm;1;1;6;0;;0
551;Rel Laci Double Extention FE.37 uk. 350 mm;1;1;6;0;;0
552;Rel Laci Double Extention FE.37 uk. 400 mm;1;1;6;0;;0
553;Rel Laci Double Extention FE.45 uk. 400 mm;1;1;6;0;;0
554;Rel Laci Double Extention FE.45 uk. 500 mm;1;1;6;0;;0
555;Rel laci Double slide FE 45 Uk. 350 mm;1;1;6;0;;0
556;Rel laci Full Extention FE. 45 uk. 400 mm;1;1;6;0;;0
557;Rel laci Hafele Uk. 40cm Ex. Hitam;1;1;6;0;;0
558;Rel Laci Mapla Single Extention uk. 350 mm;1;1;6;0;;0
559;Rel Laci Mapla Single Extention uk. 400 mm;1;1;6;0;;0
560;Rel Laci Plastik RO.2 Uk. 300 mm;1;1;1;0;;0
561;Rel laci Pocket Door Salib uk. 500 mm;1;1;6;0;;0
562;Rel Mini slide uk. 374 mm;1;1;6;0;;0
563;Rel Mini slide uk. 374 mm BOR;1;1;6;0;;0
564;Ring;1;1;1;0;;0
565;Ring Karet Hitam;1;1;1;0;;0
566;Roda Caster REM FCS 101;1;1;1;0;;0
567;Roda Caster Plat Gold;1;1;1;0;;0
568;Roda plat 40 mm Hitam;1;1;1;0;;0
569;Roda Sliding 30 mm;1;1;5;0;;0
570;Roda Sliding 30 mm Atas/Guide;1;1;1;0;;0
571;Roda Sliding 31 - 41;1;1;6;0;;0
572;Roda Sliding 329 Elco;1;1;5;0;;0
573;Roda Sliding 329 Elco (Tanpa Pasangan);1;1;6;0;;0
574;Sambungan Lis E 25 mm Abu;1;1;1;0;;0
575;Sambungan Lis E 25 mm Hitam;1;1;1;0;;0
576;Sarung Gambangan uk. 1470 x 1870 mm;1;1;1;0;;0
577;Sarung Gambangan uk. 1570 x 1870 mm;1;1;1;0;;0
578;Sarung Gambangan uk. 1670 x 1870 mm (Abu - Abu);1;1;1;0;;0
579;Sarung Gambangan uk. 1670 x 1870 mm (Coklat);1;1;1;0;;0
580;Sekrup Engsel HB 16;1;1;1;0;;0
581;Sekrup 11 x 45 mm Hitam;1;1;1;0;;0
582;Sekrup 11 x 45 mm Nikel/Putih;1;1;1;0;;0
583;Sekrup 11 x 45 mm Nikel/Biru OLYMPIC MITRA;1;1;1;0;;0
584;Sekrup 11 x 57 mm ;1;1;1;0;;0
585;Sekrup 12 x 19 mm ;1;1;1;0;;0
586;Sekrup 12 x 38 mm;1;1;1;0;;0
587;Sekrup 13 x 78 mm ( 7,5 x 7 mm );1;1;1;0;;0
588;Sekrup 4 x 13 mm ;1;1;1;0;;0
589;Sekrup 4 x 13 mm Hitam;1;1;1;0;;0
590;Sekrup 4 x 15 mm Halus;1;1;1;0;;0
591;Sekrup 4 x 18 mm Halus;1;1;1;0;;0
592;Sekrup 5 x 13 mm;1;1;1;0;;0
593;Sekrup 5 x 19 mm;1;1;1;0;;0
594;Sekrup 6 x 10 mm ;1;1;1;0;;0
595;Sekrup 6 x 13 mm ;1;1;1;0;;0
596;Sekrup 6 x 13 mm JT;1;1;1;0;;0
597;Sekrup 6 x 14 mm;1;1;1;0;;0
598;Sekrup 6 x 14 mm Hitam;1;1;1;0;;0
599;Sekrup 6 x 16 mm;1;1;1;0;;0
600;Sekrup 6 x 16 mm Mitra;1;1;1;0;;0
601;Sekrup 6 x 19 mm Hitam;1;1;1;0;;0
602;Sekrup 6 x 19 mm Putih;1;1;1;0;;0
603;Sekrup 6 x 19 mm JT;1;1;1;0;;0
604;Sekrup 6 x 25 mm Putih;1;1;1;0;;0
605;Sekrup 6 x 32 mm Hitam;1;1;1;0;;0
606;Sekrup 6 x 32 mm Putih;1;1;1;0;;0
607;Sekrup 6 x 38 mm Putih (Kepala Besar);1;1;1;0;;0
608;Sekrup 6 x 38 mm PAB (Kepala Kecil);1;1;1;0;;0
609;Sekrup 8 x 12 mm Putih;1;1;1;0;;0
610;Sekrup 8 x 19 mm JT PUTIH (Kepala Bulat);1;1;1;0;;0
611;Sekrup 8 x 19 mm JT Hitam (Kepala Bulat);1;1;1;0;;0
612;Sekrup 8 x 19 mm JT Hitam (Kepala Biasa);1;1;1;0;;0
613;Sekrup 8 x 20 mm;1;1;1;0;;0
614;Sekrup 8 x 32 mm FAB Hitam;1;1;1;0;;0
615;Sekrup 8 x 32 mm PAB (Biasa);1;1;1;0;;0
616;Sekrup 8 x 32 mm PAB (R Model Ring);1;1;1;0;;0
617;Sekrup 8 x 32 mm FAB Putih;1;1;1;0;;0
618;Sekrup 8 x 35 mm Putih;1;1;1;0;;0
619;Sekrup 8 x 51 mm;1;1;1;0;;0
620;Sekrup Handle 6 x 22 mm Gold;1;1;1;0;;0
621;Sekrup Handle 6 x 25 mm Gold;1;1;1;0;;0
622;Sekrup Handle 8 x 22 mm Gold;1;1;1;0;;0
623;Sekrup Handle 8 x 20 mm Putih ;1;1;1;0;;0
624;Sekrup Handle 8 x 25 mm Putih ;1;1;1;0;;0
625;Sekrup Handle 8 x 32 mm PAB;1;1;1;0;;0
626;Sekrup Handle M4 x 10 mm Halus;1;1;1;0;;0
627;Sekrup Handle M4 x 12 mm Halus (Kepala Besar);1;1;1;0;;0
628;Sekrup Handle M4 x 18 mm;1;1;1;0;;0
629;Sekrup Handle M4 x 20 mm Dart Halus;1;1;1;0;;0
630;Sekrup Handle M4 x 20 mm Kasar;1;1;1;0;;0
631;Sekrup Handle M4 x 22 mm Kasar;1;1;1;0;;0
632;Sekrup Handle M4 x 22 mm Dart Halus;1;1;1;0;;0
633;Sekrup Handle M4 x 22 mm Halus Gold (Kepala Ring);1;1;1;0;;0
634;Sekrup Handle M4 x 25 mm Kasar;1;1;1;0;;0
635;Sekrup Handle M4 x 25 mm Dart Halus;1;1;1;0;;0
636;Sekrup Handle M4 x 25 mm Ex MITRA;1;1;1;0;;0
637;Sekrup Handle M4 x 6 mm + Ring;1;1;1;0;;0
638;Sekrup + Mur M4 x 35;1;1;6;0;;0
639;Sekrup + Mur M4 x 25;1;1;6;0;;0
640;Sekrup JCBC 6 x 20 mm Hitam (L);1;1;1;0;;0
641;Sekrup JCBC M6 x 12 mm;1;1;1;0;;0
642;Sekrup JCBC M6 x 30 mm Hitam Kunci (+);1;1;1;0;;0
643;Sekrup JCBC M6 x 40 mm Hitam Kunci (L);1;1;1;0;;0
644;Sekrup JCBC M6 x 50 mm Kuning Kunci ( L );1;1;1;0;;0
645;Sekrup JCBC M6 x 60 mm (+) Hitam;1;1;1;0;;0
646;Sekrup JCBC M6 x 60 mm (+) Putih;1;1;1;0;;0
647;Sekrup JCBC M6 x 60 mm (L) Hitam;1;1;1;0;;0
648;Sekrup JCBC M6 x 60 mm (L) Kuning (Kepala Kecil);1;1;1;0;;0
649;Sekrup JCBC M6 x 60 mm (L) Kuning (Kepala Besar);1;1;1;0;;0
650;Sekrup JCBC M6 x 60 mm (+) Kuning ;1;1;1;0;;0
651;Sekrup JCBC M6 x 65 mm;1;1;1;0;;0
652;Sekrup JCBC M6 x 70 mm Hitam (L);1;1;1;0;;0
653;Sekrup JCBC M6 x 80 mm Hitam (L);1;1;1;0;;0
654;Sekrup M6 x 20 mm Putih ;1;1;1;0;;0
655;Sepatu Bening;1;1;1;0;;0
656;Sepatu Paku CJS;1;1;1;0;;0
657;Stabil UMB 25 mm;1;1;1;0;;0
658;Stabil UMB 18 mm;1;1;1;0;;0
659;Stabil UMB 15 mm;1;1;1;0;;0
660;Konektor AH. 21;1;1;1;0;;0
661;Siku uk. 13 x 13 cm;1;1;1;0;;0
662;Siku Variasi Oval;1;1;1;0;;0
663;Steel Dowel 24 x 8,5 Putih ( 15 mm );1;1;1;0;;0
664;Steker Hitam;1;1;1;0;;0
665;Steker Putih;1;1;1;0;;0
666;Stiker A;1;1;1;0;;0
667;Stiker B;1;1;1;0;;0
668;Stiker Benefit;1;1;1;0;;0
669;Stiker Benefit Premium;1;1;1;0;;0
670;Stiker Big Panel;1;1;1;0;;0
671;Stiker Blue 15mm;1;1;1;0;;0
672;Stiker C;1;1;1;0;;0
673;Stiker Ceria;1;1;1;0;;0
674;Stiker Cherry;1;1;1;0;;0
675;Stiker Colombia Oak 20 mm ;1;1;1;0;;0
676;Stiker Colombia Walnut 20 mm;1;1;1;0;;0
677;Stiker D;1;1;1;0;;0
678;Stiker Depan;1;1;1;0;;0
679;Stiker Dynasty;1;1;1;0;;0
680;Stiker E;1;1;1;0;;0
681;Stiker F;1;1;1;0;;0
682;Stiker Felini;1;1;1;0;;0
683;Stiker French Walnut;1;1;1;0;;0
684;Stiker G;1;1;1;0;;0
685;Stiker Giovani;1;1;1;0;;0
686;Stiker Graver;1;1;1;0;;0
687;Stiker Green 15mm;1;1;1;0;;0
688;Stiker H;1;1;1;0;;0
689;Stiker I;1;1;1;0;;0
690;Stiker J;1;1;1;0;;0
691;Stiker L;1;1;1;0;;0
692;Stiker Lemari 2P Brown;1;1;7;0;;0
693;Stiker Laris;1;1;1;0;;0
694;Stiker Light Blue 15mm;1;1;1;0;;0
695;Stiker L-Living;1;1;1;0;;0
696;Stiker M Panel;1;1;1;0;;0
697;Stiker Minifik Putih;1;1;1;0;;0
698;Stiker Mocca 20 mm;1;1;1;0;;0
699;Stiker New Diosy;1;1;1;0;;0
700;Stiker Pink 15mm;1;1;1;0;;0
701;Stiker Popular;1;1;1;0;;0
702;Stiker Premium Diosy;1;1;1;0;;0
703;Stiker QC Besar;1;1;1;0;;0
704;Stiker QC Kecil;1;1;1;0;;0
705;Stiker R;1;1;1;0;;0
706;Stiker Rak Buku 3T Brown;1;1;7;0;;0
707;Stiker Rak Buku 3T Cream;1;1;7;0;;0
708;Stiker Rak Buku 4T Brown;1;1;7;0;;0
709;Stiker Rak Buku 4T Cream;1;1;7;0;;0
710;Stiker Red 15mm;1;1;1;0;;0
711;Stiker Sonoma Brown;1;1;1;0;;0
712;Stiker Sonoma cream 20 mm;1;1;1;0;;0
713;Stiker Sonoma Oak 15 mm;1;1;1;0;;0
714;Stiker Starwood;1;1;1;0;;0
715;Stiker Starpanel;1;1;1;0;;0
716;Stiker Style;1;1;1;0;;0
717;Stiker Style Furniture;1;1;1;0;;0
718;Stiker Tahan Jamur;1;1;1;0;;0
719;Stiker Topix;1;1;1;0;;0
720;Stiker White 15mm;1;1;1;0;;0
721;Stiker Woodgrain;1;1;1;0;;0
722;Stiker yellow;1;1;1;0;;0
723;Stoper Central Lock;1;1;1;0;;0
724;Stoper Colokan Hitam;1;1;1;0;;0
725;Stoper Colokan Putih;1;1;1;0;;0
726;Stoper Kunci Datar;1;1;1;0;;0
727;Stoper Kunci L;1;1;1;0;;0
728;Stoper Kunci Plastik Hitam;1;1;1;0;;0
729;Stoper Kunci U 15 mm;1;1;1;0;;0
730;Stoper Kunci U 15 mm Coak Depan;1;1;1;0;;0
731;Stoper Rel Laci Oval (LAMA);1;1;1;0;;0
732;Stoper TB Hitam;1;1;1;0;;0
733;Stoper TB Putih;1;1;1;0;;0
734;Stoper TB tengah;1;1;1;0;;0
735;Stoper Wingstone;1;1;1;0;;0
736;Swivel 45 cm;1;1;1;0;;0
737;Tahanan Ekspor;1;1;1;0;;0
738;Tahanan Kunci L;1;1;1;0;;0
739;Tahanan Kunci Mortise EL 202-22 ;1;1;1;0;;0
740;Tahanan Kunci Mekar HL 505 M2 ;1;1;1;0;;0
741;Tahanan Pintu Datar ;1;1;1;0;;0
742;Traves Putih;1;1;1;0;;0
743;Tatakan Hitam 1240;1;1;1;0;;0
744;Tatakan Hitam 1540;1;1;1;0;;0
745;Tatakan Triplek 15mm Siku Plint Hitam (R);1;1;1;0;;0
746;Tatakan Triplek 15mm Siku Plint Hitam (L);1;1;1;0;;0
747;Tatakan Triplek Siku 18mm (R);1;1;1;0;;0
748;Tatakan Triplek Siku 18mm (L);1;1;1;0;;0
749;Tatakan Kotak U/ : RN;1;1;1;0;;0
750;Tatakan Lurus 15 mm;1;1;1;0;;0
751;Tatakan Siku 1270 L;1;1;1;0;;0
752;Tatakan Siku 1270 R;1;1;1;0;;0
753;Tatakan Siku 1570 L;1;1;1;0;;0
754;Tatakan Siku 1570 R;1;1;1;0;;0
755;Tatakan Siku 1870 L;1;1;1;0;;0
756;Tatakan Siku 1870 R;1;1;1;0;;0
757;Tatakan Siku 2570 L;1;1;1;0;;0
758;Tatakan Siku 2570 R;1;1;1;0;;0
759;Tatakan Siku 2570 L (COAK);1;1;1;0;;0
760;Tatakan Siku 2570 R (COAK);1;1;1;0;;0
761;Tatakan Siku 5980 L;1;1;1;0;;0
762;Tatakan Siku 5980 R;1;1;1;0;;0
763;Tatakan Siku 5980 L (COAK);1;1;1;0;;0
764;Tatakan Siku 5980 R (COAK);1;1;1;0;;0
765;Tatakan Siku 7070 L;1;1;1;0;;0
766;Tatakan Siku 7070 R;1;1;1;0;;0
767;Tatakan SPK 1530;1;1;1;0;;0
768;Tatakan T 1270;1;1;1;0;;0
769;Tatakan T 1570;1;1;1;0;;0
770;Tatakan Tengah U/ : 15 mm  (LEGOK);1;1;1;0;;0
771;Tatakan U/ : SR;1;1;1;0;;0
772;Tatakan R Sepatu 12 mm;1;1;1;0;;0
773;Tatakan R Sepatu 15mm /Aladin;1;1;1;0;;0
774;Tempat Pensil Saja;1;1;6;0;;0
775;Tempat Pensil Set (Tempat + Gepengan + Tutup);1;1;6;0;;0
776;Tiang Central 1200mm WINSTONE ;1;1;1;0;;0
777;Kunci + Tiang Central  + Barquild 1200 mm;1;1;6;0;;0
778;Tiang Central  + Barquild 600 mm;1;1;6;0;;0
779;Tiang Central lock Uk. 535mm;1;1;1;0;;0
780;Tiang Central lock Uk. 600mm;1;1;1;0;;0
781;Tiang Kunci Centra Lock Uk. 51 cm;1;1;1;0;;0
782;Tiang Kunci Centra Lock Uk. 102 cm;1;1;1;0;;0
783;Tiang Pole Hitam Set (Tiang + Dudukan + Tutup);1;1;1;0;;0
784;Tiang Pole 335 mm Hitam;1;1;1;0;;0
785;Tiang Pole Putih Set (Tiang + Dudukan + Tutup);1;1;1;0;;0
786;Tiang Pole 335 mm Putih;1;1;1;0;;0
787;Tiang Support 12.7 Silver ( 3 A );1;1;2;0;;0
788;Tiang Support 12.7 Silver ( 6 A );1;1;2;0;;0
789;Tiner N @20 Liter;1;1;16;0;;0
790;Tiner SHG @20 Liter;1;1;16;0;;0
791;Top Cent LE 4110 ( Lampu Engsel );1;1;1;0;;0
792;Top Cent ST 3202 ( Ruas Pintu );1;1;1;0;;0
793;Tutup Handle Coklat;1;1;1;0;;0
794;Tutup Handle Silver;1;1;1;0;;0
795;Tutup Minifix Coklat;1;1;1;0;;0
796;Tutup Minifix Coklat Bolong;1;1;1;0;;0
797;Tutup Minifix Hitam;1;1;1;0;;0
798;Tutup Minifix Putih Bolong;1;1;1;0;;0
799;Tutup Minifix Putih;1;1;1;0;;0
800;Tutup Pole Hitam;1;1;1;0;;0
801;Tutup Pole Putih;1;1;1;0;;0
802;Tutup Push Open Grey;1;1;1;0;;0
803;Tutup Tempat Pensil;1;1;6;0;;0
804;Variasi Hook LB;1;1;1;0;;0
805;Rel Slow Motion FE BM-45 400mm;1;1;6;0;;0
806;Pipa Hollow 15 x 15 x 1330 mm;1;1;2;0;;0
807;Dop Besi Hollow Plastik 15 x 15 mm (Untuk Besi Hollow);1;1;1;0;;0
808;Bracket Gantungan Chrome;1;1;1;0;;0
809;Engsel SOH 3500;1;1;1;0;;0
810;Engsel SOH 3508;1;1;1;0;;0
811;Kaki KP 60 mm;1;1;1;0;;0
812;Handle I 128mm silver;1;1;1;0;;0
813;Engsel Harfit SG-26 Kaca Slow Motion;1;1;1;0;;0
814;Stiker LEGANO;1;1;1;0;;0
815;Pipa Bulat Stainless Steel 25 x 3000 mm;1;1;2;0;;0
816;Lem Kijang PU @9 KG;1;1;13;0;;0
817;Lem Inmelt 680 DR @ 25 kg;1;1;12;0;;0
818;Lem Inmelt 481 ME @ 25 kg;1;1;12;0;;0
819;Lem Fox PU 980 @14 kg;1;1;13;0;;0
820;Kain Glambangan uk. 2090 x 1806mm;1;1;1;0;;0
821;Kain Glambangan uk. 2090 x 1606mm;1;1;1;0;;0
822;Kain Glambangan uk. 2090 x 1206mm;1;1;1;0;;0
823;Kain Glambangan uk. 2090 x 1006mm;1;1;1;0;;0
824;"Pipa 2"" x 500 mm White";1;1;2;0;;0
825;Kaki KP 80;1;1;1;0;;0
826;Lem PU 960 @14 KG;1;1;13;0;;0
827;Plastik Rapping Uk. 10 Cm x 250 Mtr;1;1;3;0;;0
828;Lem Henkel KS 207 @25 Kg;1;1;12;0;;0
829;Stiker Linen;1;1;1;0;;0
830;Stiker Andara Home;1;1;1;0;;0
831;Kayu Gantungan 24 x 400 mm;1;1;2;0;;0
832;"Tutup Pipa plastik Silver Uk. 2""";1;1;1;0;;0
833;Rel aluminium SD. 02 Anodized 3600 mm V/B Merk Lenaga;1;1;2;0;;0
834;Mur Cakar Gold;1;1;1;0;;0
835;Besi Hollow Uk. 1994 x 40 x 20;1;1;2;0;;0
836;Besi Hollow Uk. 318 x 40 x 20;1;1;2;0;;0
837;Sekrup M4 x 19 Dart Kasar;1;1;1;0;;0
838;Paku Coil 4.5 Cm;1;1;3;0;;0
839;Fitting Lampu Broco Hitam;1;1;1;0;;0
840;Saklar On Off/Saklar Lampu;1;1;1;0;;0
841;Skun Tembaga Kuning;1;1;1;0;;0
842;Kaki Besi Hollow 15 x 15 x 411 x 160 Black;1;1;1;0;;0
843;Kaki Besi Hollow 15 x 15 x 366 x 160 Black;1;1;1;0;;0
844;Lis W Uk. 2160mm;1;1;2;0;;0
845;Rel Laci Oval (LAMA);1;1;1;0;;0
846;Rel Laci Oval;1;1;1;0;;0
847;Stoper Rel Laci Oval;1;1;1;0;;0
848;Engsel CH-MN 16 (PB 15mm Khusus Viral);1;1;1;0;;0
849;Pipa Hollow 15 x 15 x 800 mm;1;1;2;0;;0
850;Pipa Hollow 18 x 18 x 1730mm;1;1;2;0;;0
851;Sapu Ijuk;1;1;1;0;;0
852;Sapu Lidi;1;1;1;0;;0
853;Kertas Samson;1;1;17;0;;0
854;Lem Prima D @14kg;1;1;13;0;;0
855;Switch ON/OFF;1;1;1;0;;0
856;Socket DC;1;1;1;0;;0
857;Kunci Zinc Alloy;1;1;1;0;;0
858;Kunci Fittech 206;1;1;1;0;;0
859;Dempul Sanpolac;1;1;1;0;;0
860;Ring Kunci EL 101-16;1;1;1;0;;0
861;Baut Nanas 6 x 10 GOLD;1;1;1;0;;0
862;Pipa Hollow Galvanis 15 x 15 x 6000mm ;1;1;2;0;;0
863;Stiker PON PAPUA;1;1;1;0;;0
864;Engsel Wayang R;1;1;1;0;;0
865;Engsel Wayang L;1;1;1;0;;0
866;Sekrup 8 x 16 mm JT MITRA;1;1;1;0;;0
867;Baut Sekrup Paku Rivet Uk. 10 x 15mm;1;1;1;0;;0
868;Taplak Meja Uk. 137 x 90 cm;1;1;1;0;;0
869;Kabel Serabut Merah Hitam 2 x 10 Merk Tulus;1;1;10;0;;0
870;Kunci HL 103 Silinder 32mm;1;1;1;0;;0
871;Plat U Plastik ;1;1;1;0;;0
872;Lakban Coklat Greebel;1;1;3;0;;0
873;Lakban Bening Greebel;1;1;3;0;;0
874;Stiker Rivera Oak;1;1;1;0;;0
875;Handle TPA-39 Jarak Bor 96 + Sekrup 4 x 15 Halus;1;1;1;0;;0
876;"Engsel Kupu-Kupu 3""";1;1;1;0;;0
877;Saklar On Off Bulat Putih;1;1;1;0;;0
878;Tabel TOP 276N 12 x 26.5 CM Silver 3G;1;1;1;0;;0
879;Lem UAM BOND PU DX @15Kg;1;1;13;0;;0
880;Kaki Profil R MT 127;1;1;1;0;;0
881;Kaki Profil L MT 127;1;1;1;0;;0
882;Sekrup 12 x 32 mm;1;1;1;0;;0
883;Kaki Besi Hollow 14 x 14 x 619 x 366 White;1;1;1;0;;0
884;Kaki Besi Hollow 14 x 14 x 366 x 160 White;1;1;1;0;;0
885;LUBANG KABEL 60 SEGI HITAM (GROMET);1;1;1;0;;0
886;ADAPTOR SWITCH 12 V/2A;1;1;1;0;;0
887;Lem Fox Hijau Spray @15Kg;1;1;13;0;;0
888;Kaki KP 120 Hitam;1;1;1;0;;0
889;Rel Laci Slow Motion BM 45 soft 50cm;1;1;6;0;;0
890;Rel Laci Slow Motion BM 45 soft 35cm;1;1;6;0;;0
891;Rel Laci Slow Motion BM 45 soft 45cm;1;1;6;0;;0
892;REL LACI HETTICH TANDEM PUSH OPEN DOUBLE 35CM;1;1;6;0;;0
893;Plastik Rapping Uk. 15 Cm x 250 Mtr;1;1;3;0;;0
894;Engsel Memanjang Satin 45mm (Engsel Tanam);1;1;1;0;;0
895;Waterbased PU (TIPE 9500) @20Kg;1;1;15;0;;0
896;Lem Hotmelt SW 816 @25Kg;1;1;15;0;;0
897;FUERTE 80/SD050V 2P REL 2,5M SM KNCOKERS;1;1;6;0;;0
898;HOOK PENGAIT GANTUNGAN BAJU HANGER;1;1;1;0;;0
899;HANDLE POKY PUTIH;1;1;1;0;;0
900;PLAT STRIP 1CM GOLD MIRROR 2.44Mtr;1;1;2;0;;0
901;REL DOUBLE PUSH OPEN SM NEWFIT 45cm;1;1;6;0;;0
902;REL DOUBLE PUSH OPEN SM NEWFIT 35cm;1;1;6;0;;0
903;RAK PIRING GANTUNG STAINLESS WINSTON 90cm WW304C;1;1;1;0;;0
904;Kaki Besi Behel 10MM Segitiga;1;1;1;0;;0
905;KUNCI HAFELE 136-22 ECONO ZINC ALLOY;1;1;1;0;;0
906;TACO GAS SPRING;1;1;1;0;;0
907;DOOR CLOSER;1;1;1;0;;0
908;BLUM TIP ON LONG GREY;1;1;1;0;;0
909;EDGING EA 19 VIGO GOLD;1;1;2;0;;0
910;RUMAH LAMPU 2,4 METER HITAM;1;1;2;0;;0
911;SAKLAR LAMPU LED STRIP;1;1;1;0;;0
912;Kabel Supreme 3 x 2,5 NYM;1;1;3;0;;0
913;Kabel Supreme 3 x 1,5 NYM;1;1;3;0;;0
914;Stop Kontak Panasonic 1 Lubang;1;1;1;0;;0
915;Rumah Stop Kontak Panasonic;1;1;1;0;;0
916;SAKLAR PYRAMID;1;1;1;0;;0
917;LP 379 Brush (Panjang 3 Meter);1;1;2;0;;0
918;Rak Sepatu Kipas;1;1;1;0;;0
919;Kaki Meja Stainless Hollow 20 x 40mm (Uk. 600 x 600  240mm) Finish Gold;1;1;1;0;;0
920;Lampu LED;1;1;1;0;;0
921;Frame Aluminium Twin JF 1954 CP;1;1;2;0;;0
922;Frame Aluminium Twin JF 1953 CP;1;1;2;0;;0
923;Rak Sendok Plastik TWIN/1 (XL);1;1;1;0;;0
924;Lampu Halogen 3 Mata Silver;1;1;1;0;;0
925;Kaki Besi Behel 10MM Segitiga (Plat 2,6mm);1;1;1;0;;0
926;Tutup Sekrup Plastik ;1;1;1;0;;0
927;LAMPU LED STRIP HILED (WARM WHITE);1;1;1;0;;0
928;POWER SUPPLY TRAFO 5A;1;1;1;0;;0
929;RUMAH LAMPU 2,4 METER SILVER;1;1;2;0;;0
930;HANDLE FHD 130 BLACK;1;1;2;0;;0
931;FRAME FA 128 BLACK;1;1;2;0;;0
932;SIKU FRAME;1;1;1;0;;0
933;SEKRUP FRAME;1;1;18;0;;0
934;BRUSH BOTTOM SEAL TWIN COKLAT;1;1;2;0;;0
935;CAT ADUK;1;1;15;0;;0
936;STOP KONTAK UNIVERSAL;1;1;1;0;;0
937;MICRO SWITCH SLEDING DOOR;1;1;1;0;;0
938;LEM SILEN;1;1;1;0;;0
939;POWER SUPPLY TRAFO 3A;1;1;1;0;;0
940;PLAT STRIP GOLD HAIRLINE 3 Mtr;1;1;2;0;;0
941;PIPA BULAT Uk. 1,9mm x 6 mtr;1;1;2;0;;0
942;Lakban Bening Kecil 12mm Kyoto;1;1;3;0;;0
943;Ring Meja Plastik Hitam Bulat Uk. 10cm;1;1;1;0;;0
944;Ring Meja Plastik Hitam Bulat Uk. 18cm;1;1;1;0;;0
945;Plastik 0.05 x 220 x 400 mm;1;1;7;0;;0
946;GRAB BAR PEGANGAN KAMAR MANDI STAINLESS 80CM;1;1;1;0;;0
947;Frame Pintu Pendek (u/ custom);1;1;2;0;;0
948;Frame Pintu Panjang (u/custom);1;1;2;0;;0
949;Lis H. Bening 4100 mm ;1;1;2;0;;0
950;Dop Plastik R.25 mm Putih;1;1;1;0;;0
951;Isolasi Kabel ;1;1;1;0;;0
952;Fischer 8 + Sekrup 7cm;1;1;1;0;;0
953;SWITCH LAMPU BULAT BK;1;1;1;0;;0
954;Stiker Rak Buku Besar (Star Living);1;1;1;0;;0
955;Stiker Rak Buku Kecil (Star Living);1;1;1;0;;0
956;Stiker Rak Buku Besar + Warna (Star Living);1;1;1;0;;0
957;Stiker Rak Buku Kecil + Warna (Star Living);1;1;1;0;;0
958;Tutup Paku Rivet;1;1;1;0;;0
959;Tahanan Kunci L (Di Potong u/ Custom);1;1;1;0;;0
960;Isi Staples V 12mm ( ALFAMACHINE );1;1;1;0;;0
961;Claw Head H 12mm;1;1;1;0;;0
962;Claw Head H 15mm;1;1;1;0;;0
963;Jepitan Kaca Hitam 5mm;1;1;1;0;;0
964;Besi Hollow 14 x 14 x 1480 Hitam;1;1;1;0;;0
965;Sekrup JCBC M6 x 15 Hitam;1;1;1;0;;0
966;Roda Sliding U05 Hitam + Guide;1;1;6;0;;0
967;List U 05 Hitam 3200mm;1;1;2;0;;0
968;Handle Aluminium GP 30 Gold;1;1;2;0;;0
969;Honey Comb Height 445 mm x 5500 mm;1;1;3;0;;0
970;Rak Piring Taco HW 023i ;1;1;6;0;;0
971;Rel Laci Double Extention FE.37 uk. 450 mm;1;1;6;0;;0
972;Desktop Socket AC Power ;1;1;1;0;;0
973;Kop Kaca Karet 20mm Bening;1;1;1;0;;0
974;Dop Lubang Kabel 10mm Putih;1;1;1;0;;0
975;Dop Lubang Kabel 10mm Coklat;1;1;1;0;;0
976;Dop Lubang Kabel 10mm Hitam;1;1;1;0;;0
977;POWER SUPPLY TRAFO 2A;1;1;1;0;;0
978;POWER SUPPLY TRAFO 10A;1;1;1;0;;0
979;Besi Gantungan;1;1;1;0;;0
980;Kabel Eterna NYM 3 x 1,5mm (1 Roll = 50 Mtr);1;1;10;0;;0
981;Benang Ukur Bangunan;1;1;3;0;;0
982;Benang Rajut Poly Kilap Merah;1;1;3;0;;0
